origin,destination,airline,flight_number,departure_time,date,domestic_international
JFK,SEA,Delta,8790,00:00:00,2024-03-01,Domestic
JFK,MIA,Delta,1827,00:15:00,2024-03-02,Domestic
JFK,DEN,Delta,4531,00:30:00,2024-03-03,Domestic
JFK,DFW,JetBlue,8147,00:45:00,2024-03-04,International
JFK,SEA,Delta,5451,01:00:00,2024-03-05,Domestic
JFK,BOS,Southwest,4876,01:15:00,2024-03-06,Domestic
JFK,ATL,United,6959,01:30:00,2024-03-07,Domestic
JFK,SEA,United,1126,01:45:00,2024-03-08,Domestic
JFK,DEN,Delta,4177,02:00:00,2024-03-09,Domestic
JFK,DFW,JetBlue,9795,02:15:00,2024-03-10,Domestic
JFK,MIA,JetBlue,7024,02:30:00,2024-03-11,Domestic
JFK,DEN,Southwest,6109,02:45:00,2024-03-12,Domestic
JFK,DEN,Delta,5146,03:00:00,2024-03-13,Domestic
JFK,ATL,United,8196,03:15:00,2024-03-14,Domestic
JFK,SFO,JetBlue,4368,03:30:00,2024-03-15,Domestic
JFK,DFW,Delta,4797,03:45:00,2024-03-16,Domestic
JFK,ORD,JetBlue,2792,04:00:00,2024-03-17,Domestic
JFK,DEN,JetBlue,6732,04:15:00,2024-03-18,Domestic
JFK,SFO,United,4476,04:30:00,2024-03-19,Domestic
JFK,ORD,American,4417,04:45:00,2024-03-20,Domestic
JFK,DFW,Southwest,2645,05:00:00,2024-03-21,Domestic
JFK,LAX,Southwest,4030,05:15:00,2024-03-22,Domestic
JFK,BOS,United,3872,05:30:00,2024-03-23,Domestic
JFK,SFO,JetBlue,4072,05:45:00,2024-03-24,Domestic
JFK,LAS,Delta,2854,06:00:00,2024-03-25,Domestic
JFK,LAX,JetBlue,5021,06:15:00,2024-03-26,Domestic
JFK,BOS,United,5662,06:30:00,2024-03-27,International
JFK,ATL,Southwest,7514,06:45:00,2024-03-28,Domestic
JFK,SEA,JetBlue,6031,07:00:00,2024-03-29,Domestic
JFK,MIA,Southwest,3708,07:15:00,2024-03-30,Domestic
JFK,LAS,Delta,8112,07:30:00,2024-03-31,Domestic
JFK,ATL,Southwest,9393,07:45:00,2024-04-01,Domestic
JFK,DFW,Southwest,4507,08:00:00,2024-04-02,International
JFK,ATL,American,7456,08:15:00,2024-04-03,Domestic
JFK,SEA,American,5212,08:30:00,2024-04-04,Domestic
JFK,DFW,American,8970,08:45:00,2024-04-05,Domestic
JFK,LAS,Southwest,9766,09:00:00,2024-04-06,Domestic
JFK,SEA,United,1536,09:15:00,2024-04-07,Domestic
JFK,ORD,Southwest,2625,09:30:00,2024-04-08,Domestic
JFK,MIA,United,8973,09:45:00,2024-04-09,Domestic
JFK,LAS,United,9577,10:00:00,2024-04-10,Domestic
JFK,ORD,American,9070,10:15:00,2024-04-11,Domestic
JFK,BOS,JetBlue,9666,10:30:00,2024-04-12,Domestic
JFK,LAS,Delta,9609,10:45:00,2024-04-13,Domestic
JFK,BOS,American,7490,11:00:00,2024-04-14,Domestic
JFK,DFW,American,4600,11:15:00,2024-04-15,Domestic
JFK,ORD,JetBlue,7783,11:30:00,2024-04-16,Domestic
JFK,MIA,Delta,5971,11:45:00,2024-04-17,Domestic
JFK,SEA,Southwest,2205,12:00:00,2024-04-18,Domestic
JFK,DEN,Southwest,2990,12:15:00,2024-04-19,International
JFK,ATL,American,6299,12:30:00,2024-04-20,Domestic
JFK,LAX,Delta,4572,12:45:00,2024-04-21,Domestic
JFK,MIA,American,6975,13:00:00,2024-04-22,Domestic
JFK,ORD,United,7320,13:15:00,2024-04-23,Domestic
JFK,DEN,American,5380,13:30:00,2024-04-24,Domestic
JFK,MIA,American,5757,13:45:00,2024-04-25,Domestic
JFK,ORD,Southwest,3713,14:00:00,2024-04-26,International
JFK,SFO,Southwest,6588,14:15:00,2024-04-27,Domestic
JFK,SFO,Southwest,1966,14:30:00,2024-04-28,Domestic
JFK,BOS,United,5944,14:45:00,2024-04-29,Domestic
JFK,MIA,Southwest,4432,15:00:00,2024-04-30,International
JFK,SFO,Delta,1688,15:15:00,2024-05-01,Domestic
JFK,ORD,JetBlue,5243,15:30:00,2024-05-02,International
JFK,BOS,Delta,4701,15:45:00,2024-05-03,Domestic
JFK,ORD,Delta,9533,16:00:00,2024-05-04,International
JFK,BOS,Southwest,6182,16:15:00,2024-05-05,Domestic
JFK,MIA,JetBlue,7704,16:30:00,2024-05-06,International
JFK,DEN,JetBlue,5422,16:45:00,2024-05-07,Domestic
JFK,SEA,JetBlue,2759,17:00:00,2024-05-08,International
JFK,LAS,United,3482,17:15:00,2024-05-09,Domestic
JFK,DEN,Southwest,9058,17:30:00,2024-05-10,Domestic
JFK,DFW,JetBlue,1951,17:45:00,2024-05-11,Domestic
JFK,ORD,United,9914,18:00:00,2024-05-12,Domestic
JFK,DFW,American,3079,18:15:00,2024-05-13,Domestic
JFK,DEN,American,3717,18:30:00,2024-05-14,Domestic
JFK,BOS,United,5524,18:45:00,2024-05-15,Domestic
JFK,LAS,United,9477,19:00:00,2024-05-16,Domestic
JFK,LAS,Southwest,8311,19:15:00,2024-05-17,International
JFK,LAX,Southwest,8186,19:30:00,2024-05-18,Domestic
JFK,LAS,American,3065,19:45:00,2024-05-19,International
JFK,SEA,JetBlue,1768,20:00:00,2024-05-20,Domestic
JFK,LAS,American,6490,20:15:00,2024-05-21,Domestic
JFK,DEN,JetBlue,7645,20:30:00,2024-05-22,Domestic
JFK,LAX,JetBlue,6083,20:45:00,2024-05-23,Domestic
JFK,DEN,Southwest,6232,21:00:00,2024-05-24,Domestic
JFK,DEN,Delta,6797,21:15:00,2024-05-25,Domestic
JFK,ATL,Delta,5926,21:30:00,2024-05-26,Domestic
JFK,LAX,United,7016,21:45:00,2024-05-27,Domestic
JFK,DEN,Southwest,4335,22:00:00,2024-05-28,International
JFK,ATL,JetBlue,9038,22:15:00,2024-05-29,International
JFK,ATL,Delta,5873,22:30:00,2024-05-30,Domestic
JFK,LAX,JetBlue,2481,22:45:00,2024-05-31,Domestic
JFK,DFW,Delta,7305,23:00:00,2024-06-01,Domestic
JFK,BOS,Delta,4451,23:15:00,2024-06-02,Domestic
JFK,SEA,Delta,1054,23:30:00,2024-06-03,Domestic
JFK,BOS,Southwest,8643,23:45:00,2024-06-04,Domestic
JFK,LAS,American,4462,00:00:00,2024-06-05,Domestic
JFK,SEA,JetBlue,1832,00:15:00,2024-06-06,International
JFK,LAS,Southwest,6954,00:30:00,2024-06-07,Domestic
JFK,DEN,Southwest,9519,00:45:00,2024-06-08,Domestic
JFK,ORD,Southwest,8221,01:00:00,2024-06-09,Domestic
JFK,LAX,Southwest,4310,01:15:00,2024-06-10,Domestic
JFK,SEA,Southwest,4300,01:30:00,2024-06-11,Domestic
JFK,SEA,United,7722,01:45:00,2024-06-12,International
JFK,DEN,JetBlue,8218,02:00:00,2024-06-13,Domestic
JFK,DFW,Southwest,8776,02:15:00,2024-06-14,International
JFK,ATL,JetBlue,4675,02:30:00,2024-06-15,Domestic
JFK,DEN,United,4054,02:45:00,2024-06-16,Domestic
JFK,SFO,United,8970,03:00:00,2024-06-17,Domestic
JFK,ATL,JetBlue,3143,03:15:00,2024-06-18,Domestic
JFK,LAX,Delta,6207,03:30:00,2024-06-19,International
JFK,ATL,American,3538,03:45:00,2024-06-20,International
JFK,DFW,Delta,5547,04:00:00,2024-06-21,Domestic
JFK,ATL,Delta,6619,04:15:00,2024-06-22,Domestic
JFK,LAX,Delta,9356,04:30:00,2024-06-23,Domestic
JFK,DFW,Southwest,7612,04:45:00,2024-06-24,International
JFK,BOS,United,6005,05:00:00,2024-06-25,Domestic
JFK,SEA,Delta,1822,05:15:00,2024-06-26,Domestic
JFK,SEA,United,1943,05:30:00,2024-06-27,Domestic
JFK,LAS,JetBlue,7150,05:45:00,2024-06-28,Domestic
JFK,BOS,American,5425,06:00:00,2024-06-29,Domestic
JFK,BOS,JetBlue,9966,06:15:00,2024-06-30,Domestic
JFK,ATL,JetBlue,3198,06:30:00,2024-07-01,International
JFK,SEA,Southwest,5242,06:45:00,2024-07-02,Domestic
JFK,LAX,American,4695,07:00:00,2024-07-03,Domestic
JFK,MIA,JetBlue,4452,07:15:00,2024-07-04,International
JFK,MIA,JetBlue,2308,07:30:00,2024-07-05,Domestic
JFK,DFW,American,5177,07:45:00,2024-07-06,International
JFK,SEA,American,9705,08:00:00,2024-07-07,Domestic
JFK,SEA,JetBlue,7852,08:15:00,2024-07-08,Domestic
JFK,MIA,American,7035,08:30:00,2024-07-09,International
JFK,SEA,JetBlue,4594,08:45:00,2024-07-10,Domestic
JFK,ATL,JetBlue,5841,09:00:00,2024-07-11,Domestic
JFK,SFO,Southwest,2409,09:15:00,2024-07-12,Domestic
JFK,ORD,Delta,5566,09:30:00,2024-07-13,Domestic
JFK,BOS,JetBlue,5491,09:45:00,2024-07-14,Domestic
JFK,LAS,United,2555,10:00:00,2024-07-15,Domestic
JFK,DFW,Delta,1804,10:15:00,2024-07-16,International
JFK,SFO,Delta,2279,10:30:00,2024-07-17,Domestic
JFK,MIA,Delta,8083,10:45:00,2024-07-18,Domestic
JFK,BOS,Southwest,6986,11:00:00,2024-07-19,Domestic
JFK,SEA,JetBlue,6619,11:15:00,2024-07-20,Domestic
JFK,LAS,Southwest,2387,11:30:00,2024-07-21,Domestic
JFK,SEA,JetBlue,3679,11:45:00,2024-07-22,International
JFK,LAX,Southwest,3106,12:00:00,2024-07-23,Domestic
JFK,LAX,Southwest,9173,12:15:00,2024-07-24,Domestic
JFK,LAS,United,5223,12:30:00,2024-07-25,Domestic
JFK,LAS,Southwest,5831,12:45:00,2024-07-26,Domestic
JFK,MIA,American,3768,13:00:00,2024-07-27,Domestic
JFK,LAS,United,4186,13:15:00,2024-07-28,Domestic
JFK,ATL,Southwest,3573,13:30:00,2024-07-29,International
JFK,SEA,Delta,3599,13:45:00,2024-07-30,Domestic
JFK,SFO,American,5033,14:00:00,2024-07-31,Domestic
JFK,DEN,American,9428,14:15:00,2024-08-01,Domestic
JFK,LAS,American,2304,14:30:00,2024-08-02,Domestic
JFK,DFW,United,8368,14:45:00,2024-08-03,Domestic
JFK,LAX,Southwest,6877,15:00:00,2024-08-04,Domestic
JFK,ATL,Southwest,2301,15:15:00,2024-08-05,Domestic
JFK,BOS,Delta,3541,15:30:00,2024-08-06,Domestic
JFK,DEN,Delta,3051,15:45:00,2024-08-07,Domestic
JFK,SFO,American,7809,16:00:00,2024-08-08,Domestic
JFK,DEN,Delta,9633,16:15:00,2024-08-09,International
JFK,LAS,United,9996,16:30:00,2024-08-10,International
JFK,MIA,Southwest,1074,16:45:00,2024-08-11,Domestic
JFK,LAX,American,7981,17:00:00,2024-08-12,International
JFK,LAX,Delta,6475,17:15:00,2024-08-13,Domestic
JFK,BOS,United,9232,17:30:00,2024-08-14,Domestic
JFK,MIA,United,8184,17:45:00,2024-08-15,Domestic
JFK,SEA,Delta,6796,18:00:00,2024-08-16,Domestic
JFK,ORD,Southwest,8141,18:15:00,2024-08-17,Domestic
JFK,ATL,Delta,2622,18:30:00,2024-08-18,International
JFK,LAX,American,9041,18:45:00,2024-08-19,Domestic
JFK,DFW,Delta,1341,19:00:00,2024-08-20,Domestic
JFK,LAX,United,3074,19:15:00,2024-08-21,Domestic
JFK,DEN,Delta,8992,19:30:00,2024-08-22,International
JFK,LAX,Southwest,1645,19:45:00,2024-08-23,Domestic
JFK,LAX,JetBlue,5263,20:00:00,2024-08-24,Domestic
JFK,ORD,Delta,9801,20:15:00,2024-08-25,Domestic
JFK,ORD,Southwest,7136,20:30:00,2024-08-26,Domestic
JFK,SFO,Southwest,9646,20:45:00,2024-08-27,International
JFK,SEA,United,3969,21:00:00,2024-08-28,International
JFK,DFW,Southwest,4028,21:15:00,2024-08-29,Domestic
JFK,LAX,Southwest,8643,21:30:00,2024-08-30,International
JFK,LAX,Southwest,3681,21:45:00,2024-08-31,Domestic
JFK,ATL,Southwest,4629,22:00:00,2024-09-01,International
JFK,ORD,American,5225,22:15:00,2024-09-02,Domestic
JFK,DFW,American,4067,22:30:00,2024-09-03,Domestic
JFK,BOS,United,6941,22:45:00,2024-09-04,Domestic
JFK,SFO,Delta,2386,23:00:00,2024-09-05,Domestic
JFK,SEA,Southwest,3866,23:15:00,2024-09-06,Domestic
JFK,MIA,Delta,5788,23:30:00,2024-09-07,Domestic
JFK,SEA,Delta,6490,23:45:00,2024-09-08,Domestic
JFK,DEN,United,5124,00:00:00,2024-09-09,Domestic
JFK,LAX,Southwest,9340,00:15:00,2024-09-10,Domestic
JFK,SFO,Southwest,4850,00:30:00,2024-09-11,Domestic
JFK,DEN,JetBlue,6415,00:45:00,2024-09-12,International
JFK,DFW,Delta,8679,01:00:00,2024-09-13,Domestic
JFK,MIA,Delta,7819,01:15:00,2024-09-14,Domestic
JFK,ORD,American,9378,01:30:00,2024-09-15,Domestic
JFK,SFO,JetBlue,2333,01:45:00,2024-09-16,International
JFK,SFO,American,5150,02:00:00,2024-09-17,Domestic
JFK,LAX,American,7766,02:15:00,2024-09-18,Domestic
JFK,LAS,American,3711,02:30:00,2024-09-19,International
JFK,SFO,United,5853,02:45:00,2024-09-20,International
JFK,ATL,United,7212,03:00:00,2024-09-21,Domestic
JFK,MIA,American,8479,03:15:00,2024-09-22,Domestic
JFK,MIA,JetBlue,6408,03:30:00,2024-09-23,Domestic
JFK,ATL,Delta,8715,03:45:00,2024-09-24,International
JFK,BOS,JetBlue,9942,04:00:00,2024-09-25,Domestic
JFK,ATL,Southwest,2762,04:15:00,2024-09-26,Domestic
JFK,ATL,United,8101,04:30:00,2024-09-27,International
JFK,MIA,Delta,8674,04:45:00,2024-09-28,Domestic
JFK,SEA,Delta,7122,05:00:00,2024-09-29,Domestic
JFK,MIA,Southwest,1481,05:15:00,2024-09-30,Domestic
JFK,LAS,Southwest,1153,05:30:00,2024-10-01,Domestic
JFK,LAX,American,8617,05:45:00,2024-10-02,Domestic
JFK,DEN,United,2524,06:00:00,2024-10-03,Domestic
JFK,SEA,United,3120,06:15:00,2024-10-04,Domestic
JFK,ORD,JetBlue,3343,06:30:00,2024-10-05,Domestic
JFK,DEN,American,6136,06:45:00,2024-10-06,International
JFK,LAX,American,6760,07:00:00,2024-10-07,Domestic
JFK,LAS,American,2240,07:15:00,2024-10-08,International
JFK,LAS,American,1060,07:30:00,2024-10-09,Domestic
JFK,ORD,United,2639,07:45:00,2024-10-10,International
JFK,SEA,United,7185,08:00:00,2024-10-11,Domestic
JFK,BOS,American,8970,08:15:00,2024-10-12,Domestic
JFK,ATL,JetBlue,2252,08:30:00,2024-10-13,Domestic
JFK,SEA,Delta,5203,08:45:00,2024-10-14,International
JFK,BOS,Delta,9363,09:00:00,2024-10-15,Domestic
JFK,LAS,JetBlue,4549,09:15:00,2024-10-16,Domestic
JFK,MIA,American,5197,09:30:00,2024-10-17,Domestic
JFK,LAX,United,8009,09:45:00,2024-10-18,International
JFK,ORD,Delta,7667,10:00:00,2024-10-19,Domestic
JFK,LAX,Southwest,3322,10:15:00,2024-10-20,Domestic
JFK,DFW,Southwest,5090,10:30:00,2024-10-21,Domestic
JFK,DFW,JetBlue,7960,10:45:00,2024-10-22,International
JFK,SEA,American,4004,11:00:00,2024-10-23,Domestic
JFK,LAS,Delta,6136,11:15:00,2024-10-24,Domestic
JFK,LAS,American,1329,11:30:00,2024-10-25,Domestic
JFK,ATL,Delta,4640,11:45:00,2024-10-26,Domestic
JFK,ATL,JetBlue,8982,12:00:00,2024-10-27,Domestic
JFK,ATL,JetBlue,5107,12:15:00,2024-10-28,Domestic
JFK,MIA,Southwest,2341,12:30:00,2024-10-29,Domestic
JFK,DEN,American,9407,12:45:00,2024-10-30,Domestic
JFK,SFO,Southwest,1338,13:00:00,2024-10-31,Domestic
JFK,DEN,American,6895,13:15:00,2024-11-01,Domestic
JFK,LAX,Southwest,3708,13:30:00,2024-11-02,Domestic
JFK,DEN,United,2750,13:45:00,2024-11-03,Domestic
JFK,MIA,United,6604,14:00:00,2024-11-04,Domestic
JFK,LAX,United,3421,14:15:00,2024-11-05,Domestic
JFK,DEN,United,8119,14:30:00,2024-11-06,Domestic
JFK,MIA,Delta,9901,14:45:00,2024-11-07,Domestic
JFK,SFO,United,6319,15:00:00,2024-11-08,Domestic
JFK,DEN,JetBlue,7609,15:15:00,2024-11-09,Domestic
JFK,MIA,JetBlue,6387,15:30:00,2024-11-10,International
JFK,ATL,Delta,4993,15:45:00,2024-11-11,Domestic
JFK,LAS,United,9680,16:00:00,2024-11-12,Domestic
JFK,ATL,United,9044,16:15:00,2024-11-13,Domestic
JFK,LAS,United,9238,16:30:00,2024-11-14,Domestic
JFK,ORD,Southwest,5873,16:45:00,2024-11-15,Domestic
JFK,ORD,American,5806,17:00:00,2024-11-16,Domestic
JFK,ORD,Southwest,9592,17:15:00,2024-11-17,Domestic
JFK,SFO,American,6913,17:30:00,2024-11-18,Domestic
JFK,ATL,United,8124,17:45:00,2024-11-19,Domestic
JFK,LAS,United,4157,18:00:00,2024-11-20,Domestic
JFK,MIA,Southwest,1390,18:15:00,2024-11-21,International
JFK,LAX,Southwest,5430,18:30:00,2024-11-22,Domestic
JFK,MIA,American,9820,18:45:00,2024-11-23,International
JFK,LAX,JetBlue,8686,19:00:00,2024-11-24,Domestic
JFK,DFW,American,5232,19:15:00,2024-11-25,Domestic
JFK,MIA,Southwest,9007,19:30:00,2024-11-26,Domestic
JFK,DEN,Southwest,2521,19:45:00,2024-11-27,Domestic
JFK,DEN,Delta,2500,20:00:00,2024-11-28,International
JFK,SEA,Southwest,7737,20:15:00,2024-11-29,Domestic
JFK,ATL,Delta,4294,20:30:00,2024-11-30,International
JFK,LAX,JetBlue,6085,20:45:00,2024-12-01,Domestic
JFK,LAX,American,3419,21:00:00,2024-12-02,International
JFK,ATL,American,4042,21:15:00,2024-12-03,Domestic
JFK,SFO,Delta,5497,21:30:00,2024-12-04,Domestic
JFK,SEA,American,2466,21:45:00,2024-12-05,Domestic
JFK,SFO,Southwest,4561,22:00:00,2024-12-06,Domestic
JFK,SFO,United,1614,22:15:00,2024-12-07,Domestic
JFK,SFO,Delta,6392,22:30:00,2024-12-08,Domestic
JFK,ATL,American,8693,22:45:00,2024-12-09,International
JFK,SFO,Delta,4223,23:00:00,2024-12-10,Domestic
JFK,DEN,Delta,8138,23:15:00,2024-12-11,Domestic
JFK,ORD,United,3667,23:30:00,2024-12-12,Domestic
JFK,DFW,Southwest,8980,23:45:00,2024-12-13,Domestic
JFK,LAX,Delta,1130,00:00:00,2024-12-14,Domestic
JFK,LAX,American,3983,00:15:00,2024-12-15,Domestic
JFK,DFW,JetBlue,5278,00:30:00,2024-12-16,Domestic
JFK,ATL,Delta,8126,00:45:00,2024-12-17,Domestic
JFK,MIA,Delta,9230,01:00:00,2024-12-18,Domestic
JFK,ATL,United,8694,01:15:00,2024-12-19,Domestic
JFK,LAX,Southwest,7640,01:30:00,2024-12-20,Domestic
JFK,LAX,JetBlue,6468,01:45:00,2024-12-21,Domestic
JFK,DFW,American,1920,02:00:00,2024-12-22,Domestic
JFK,SFO,JetBlue,8564,02:15:00,2024-12-23,Domestic
JFK,ATL,American,9684,02:30:00,2024-12-24,Domestic
JFK,LAS,Southwest,9502,02:45:00,2024-12-25,International
JFK,DFW,American,9930,03:00:00,2024-12-26,Domestic
JFK,DEN,United,4241,03:15:00,2024-12-27,International
JFK,LAX,United,1545,03:30:00,2024-12-28,Domestic
JFK,DFW,United,5346,03:45:00,2024-12-29,Domestic
JFK,ATL,United,4810,04:00:00,2024-12-30,Domestic
JFK,LAX,JetBlue,8206,04:15:00,2024-12-31,International
JFK,MIA,Southwest,3032,04:30:00,2025-01-01,Domestic
JFK,DFW,American,9436,04:45:00,2025-01-02,International
JFK,SEA,American,1271,05:00:00,2025-01-03,International
JFK,LAX,United,4511,05:15:00,2025-01-04,Domestic
JFK,ATL,United,2771,05:30:00,2025-01-05,Domestic
JFK,ORD,Delta,5361,05:45:00,2025-01-06,Domestic
JFK,LAS,Southwest,8069,06:00:00,2025-01-07,Domestic
JFK,BOS,JetBlue,1920,06:15:00,2025-01-08,International
JFK,SFO,American,9190,06:30:00,2025-01-09,International
JFK,BOS,Delta,4430,06:45:00,2025-01-10,Domestic
JFK,ATL,Delta,5435,07:00:00,2025-01-11,Domestic
JFK,DEN,American,4760,07:15:00,2025-01-12,Domestic
JFK,DEN,JetBlue,3050,07:30:00,2025-01-13,Domestic
JFK,ORD,Delta,2165,07:45:00,2025-01-14,International
JFK,SFO,Delta,9567,08:00:00,2025-01-15,Domestic
JFK,SEA,Southwest,3033,08:15:00,2025-01-16,Domestic
JFK,ORD,JetBlue,7467,08:30:00,2025-01-17,Domestic
JFK,BOS,Delta,1145,08:45:00,2025-01-18,Domestic
JFK,ORD,JetBlue,5388,09:00:00,2025-01-19,Domestic
JFK,BOS,American,8832,09:15:00,2025-01-20,Domestic
JFK,LAX,United,9623,09:30:00,2025-01-21,Domestic
JFK,DEN,Delta,9896,09:45:00,2025-01-22,Domestic
JFK,LAX,Southwest,9173,10:00:00,2025-01-23,International
JFK,LAS,American,3632,10:15:00,2025-01-24,Domestic
JFK,SFO,JetBlue,5494,10:30:00,2025-01-25,Domestic
JFK,SEA,American,9056,10:45:00,2025-01-26,Domestic
JFK,BOS,Delta,8511,11:00:00,2025-01-27,Domestic
JFK,SEA,JetBlue,2828,11:15:00,2025-01-28,Domestic
JFK,BOS,United,5805,11:30:00,2025-01-29,Domestic
JFK,ATL,American,1806,11:45:00,2025-01-30,Domestic
JFK,ORD,Delta,8486,12:00:00,2025-01-31,Domestic
JFK,LAS,Southwest,9202,12:15:00,2025-02-01,Domestic
JFK,DEN,JetBlue,2868,12:30:00,2025-02-02,Domestic
JFK,BOS,American,8878,12:45:00,2025-02-03,International
JFK,SEA,American,6690,13:00:00,2025-02-04,Domestic
JFK,LAS,United,8827,13:15:00,2025-02-05,Domestic
JFK,MIA,United,6429,13:30:00,2025-02-06,Domestic
JFK,MIA,Southwest,4564,13:45:00,2025-02-07,Domestic
JFK,LAX,Southwest,2389,14:00:00,2025-02-08,Domestic
JFK,DEN,Delta,8274,14:15:00,2025-02-09,Domestic
JFK,ATL,Delta,1824,14:30:00,2025-02-10,International
JFK,SEA,Southwest,3265,14:45:00,2025-02-11,Domestic
JFK,ORD,Southwest,1936,15:00:00,2025-02-12,Domestic
JFK,ORD,JetBlue,7402,15:15:00,2025-02-13,Domestic
JFK,SEA,United,4845,15:30:00,2025-02-14,Domestic
JFK,SFO,Delta,2796,15:45:00,2025-02-15,Domestic
JFK,ATL,United,9245,16:00:00,2025-02-16,Domestic
JFK,LAS,United,8214,16:15:00,2025-02-17,Domestic
JFK,BOS,Southwest,1726,16:30:00,2025-02-18,International
JFK,SFO,JetBlue,3736,16:45:00,2025-02-19,Domestic
JFK,BOS,American,2913,17:00:00,2025-02-20,Domestic
JFK,BOS,JetBlue,8657,17:15:00,2025-02-21,Domestic
JFK,SFO,JetBlue,3466,17:30:00,2025-02-22,Domestic
JFK,LAX,United,8312,17:45:00,2025-02-23,Domestic
JFK,MIA,JetBlue,9194,18:00:00,2025-02-24,Domestic
JFK,BOS,Delta,8906,18:15:00,2025-02-25,Domestic
JFK,SFO,United,5876,18:30:00,2025-02-26,International
JFK,SFO,Delta,8287,18:45:00,2025-02-27,Domestic
JFK,DFW,American,1892,19:00:00,2025-02-28,Domestic
JFK,LAX,United,5675,19:15:00,2025-03-01,International
JFK,DEN,American,2933,19:30:00,2025-03-02,Domestic
JFK,DFW,United,2380,19:45:00,2025-03-03,Domestic
JFK,DFW,Southwest,2290,20:00:00,2025-03-04,Domestic
JFK,SEA,JetBlue,2640,20:15:00,2025-03-05,Domestic
JFK,MIA,Southwest,8490,20:30:00,2025-03-06,Domestic
JFK,SFO,American,2218,20:45:00,2025-03-07,International
JFK,MIA,JetBlue,6016,21:00:00,2025-03-08,Domestic
JFK,ATL,United,7881,21:15:00,2025-03-09,Domestic
JFK,SEA,JetBlue,1954,21:30:00,2025-03-10,Domestic
JFK,DEN,Delta,8291,21:45:00,2025-03-11,Domestic
JFK,MIA,JetBlue,1974,22:00:00,2025-03-12,Domestic
JFK,ORD,Delta,5133,22:15:00,2025-03-13,Domestic
JFK,BOS,JetBlue,6370,22:30:00,2025-03-14,International
JFK,ATL,Delta,4972,22:45:00,2025-03-15,Domestic
JFK,LAX,American,6295,23:00:00,2025-03-16,Domestic
JFK,DEN,Southwest,9228,23:15:00,2025-03-17,Domestic
JFK,ATL,United,4020,23:30:00,2025-03-18,Domestic
JFK,BOS,JetBlue,9987,23:45:00,2025-03-19,Domestic
JFK,SEA,Southwest,5036,00:00:00,2025-03-20,Domestic
JFK,BOS,United,6068,00:15:00,2025-03-21,Domestic
JFK,DFW,United,6233,00:30:00,2025-03-22,Domestic
JFK,BOS,Delta,1317,00:45:00,2025-03-23,Domestic
JFK,DFW,American,3396,01:00:00,2025-03-24,Domestic
JFK,SEA,American,3162,01:15:00,2025-03-25,International
JFK,LAS,Southwest,3745,01:30:00,2025-03-26,Domestic
JFK,DFW,American,2591,01:45:00,2025-03-27,Domestic
JFK,LAX,JetBlue,7183,02:00:00,2025-03-28,Domestic
JFK,BOS,American,4930,02:15:00,2025-03-29,International
JFK,BOS,Southwest,2312,02:30:00,2025-03-30,International
JFK,LAX,American,5311,02:45:00,2025-03-31,Domestic
JFK,ORD,JetBlue,8314,03:00:00,2025-04-01,International
JFK,SFO,Delta,3383,03:15:00,2025-04-02,Domestic
JFK,LAS,Southwest,4239,03:30:00,2025-04-03,Domestic
JFK,DEN,Delta,3139,03:45:00,2025-04-04,Domestic
JFK,DFW,Delta,2704,04:00:00,2025-04-05,Domestic
JFK,LAX,Delta,7924,04:15:00,2025-04-06,Domestic
JFK,SEA,United,1362,04:30:00,2025-04-07,International
JFK,DFW,United,3604,04:45:00,2025-04-08,Domestic
JFK,SFO,Delta,5286,05:00:00,2025-04-09,Domestic
JFK,SEA,Southwest,4738,05:15:00,2025-04-10,Domestic
JFK,ATL,JetBlue,3469,05:30:00,2025-04-11,Domestic
JFK,BOS,JetBlue,5795,05:45:00,2025-04-12,Domestic
JFK,ATL,American,7150,06:00:00,2025-04-13,Domestic
JFK,DFW,Southwest,1556,06:15:00,2025-04-14,Domestic
JFK,SFO,United,3808,06:30:00,2025-04-15,International
JFK,LAS,Delta,6150,06:45:00,2025-04-16,Domestic
JFK,DFW,American,8561,07:00:00,2025-04-17,Domestic
JFK,LAX,JetBlue,3719,07:15:00,2025-04-18,Domestic
JFK,MIA,United,7506,07:30:00,2025-04-19,Domestic
JFK,DFW,United,4741,07:45:00,2025-04-20,Domestic
JFK,BOS,Delta,4998,08:00:00,2025-04-21,Domestic
JFK,BOS,JetBlue,3403,08:15:00,2025-04-22,International
JFK,DFW,Southwest,9780,08:30:00,2025-04-23,Domestic
JFK,SEA,United,1294,08:45:00,2025-04-24,International
JFK,MIA,Delta,6343,09:00:00,2025-04-25,International
JFK,LAX,Southwest,2136,09:15:00,2025-04-26,Domestic
JFK,DFW,JetBlue,3064,09:30:00,2025-04-27,International
JFK,SEA,United,8009,09:45:00,2025-04-28,Domestic
JFK,BOS,Southwest,5543,10:00:00,2025-04-29,International
JFK,BOS,Southwest,2007,10:15:00,2025-04-30,Domestic
JFK,SFO,Southwest,6445,10:30:00,2025-05-01,International
JFK,DFW,United,6352,10:45:00,2025-05-02,International
JFK,MIA,United,2435,11:00:00,2025-05-03,International
JFK,ORD,American,1571,11:15:00,2025-05-04,Domestic
JFK,MIA,JetBlue,3382,11:30:00,2025-05-05,Domestic
JFK,BOS,Delta,6084,11:45:00,2025-05-06,Domestic
JFK,BOS,Southwest,1277,12:00:00,2025-05-07,Domestic
JFK,ATL,American,8059,12:15:00,2025-05-08,Domestic
JFK,BOS,Delta,2887,12:30:00,2025-05-09,Domestic
JFK,LAX,American,2265,12:45:00,2025-05-10,Domestic
JFK,DEN,United,8491,13:00:00,2025-05-11,International
JFK,DFW,Southwest,2040,13:15:00,2025-05-12,Domestic
JFK,MIA,Delta,9073,13:30:00,2025-05-13,International
JFK,DEN,Delta,3752,13:45:00,2025-05-14,Domestic
JFK,SEA,Delta,9213,14:00:00,2025-05-15,International
JFK,ORD,Delta,5569,14:15:00,2025-05-16,International
JFK,LAX,Delta,7353,14:30:00,2025-05-17,Domestic
JFK,MIA,American,3353,14:45:00,2025-05-18,Domestic
JFK,DEN,Southwest,8437,15:00:00,2025-05-19,Domestic
JFK,ORD,United,5799,15:15:00,2025-05-20,Domestic
JFK,ATL,United,1686,15:30:00,2025-05-21,Domestic
JFK,LAX,United,9476,15:45:00,2025-05-22,Domestic
JFK,LAX,United,5811,16:00:00,2025-05-23,Domestic
JFK,ATL,American,9954,16:15:00,2025-05-24,Domestic
JFK,DFW,JetBlue,6346,16:30:00,2025-05-25,Domestic
JFK,ATL,Southwest,6043,16:45:00,2025-05-26,Domestic
JFK,LAX,Delta,3428,17:00:00,2025-05-27,Domestic
JFK,LAX,JetBlue,6126,17:15:00,2025-05-28,International
JFK,DEN,United,9220,17:30:00,2025-05-29,Domestic
JFK,BOS,JetBlue,8813,17:45:00,2025-05-30,International
JFK,ORD,Southwest,4356,18:00:00,2025-05-31,Domestic
JFK,ATL,Delta,9707,18:15:00,2025-06-01,Domestic
JFK,ORD,Delta,8266,18:30:00,2025-06-02,Domestic
JFK,ATL,Southwest,7540,18:45:00,2025-06-03,Domestic
JFK,SEA,Southwest,1038,19:00:00,2025-06-04,Domestic
JFK,LAX,United,4342,19:15:00,2025-06-05,Domestic
JFK,BOS,Delta,3844,19:30:00,2025-06-06,Domestic
JFK,DEN,JetBlue,2098,19:45:00,2025-06-07,Domestic
JFK,BOS,American,8027,20:00:00,2025-06-08,Domestic
JFK,BOS,American,2823,20:15:00,2025-06-09,Domestic
JFK,BOS,Southwest,4155,20:30:00,2025-06-10,Domestic
JFK,ORD,United,4093,20:45:00,2025-06-11,Domestic
JFK,ATL,American,6658,21:00:00,2025-06-12,Domestic
JFK,LAS,Delta,4778,21:15:00,2025-06-13,Domestic
JFK,SEA,Southwest,3896,21:30:00,2025-06-14,International
JFK,MIA,JetBlue,1988,21:45:00,2025-06-15,Domestic
JFK,BOS,Southwest,5116,22:00:00,2025-06-16,Domestic
JFK,DFW,JetBlue,7446,22:15:00,2025-06-17,International
JFK,ORD,Southwest,5179,22:30:00,2025-06-18,Domestic
JFK,DEN,Southwest,2682,22:45:00,2025-06-19,Domestic
JFK,MIA,Southwest,6626,23:00:00,2025-06-20,Domestic
JFK,LAS,JetBlue,8424,23:15:00,2025-06-21,Domestic
JFK,DFW,JetBlue,1933,23:30:00,2025-06-22,Domestic
JFK,LAS,Southwest,4598,23:45:00,2025-06-23,Domestic
JFK,MIA,American,2980,00:00:00,2025-06-24,Domestic
JFK,BOS,United,4056,00:15:00,2025-06-25,Domestic
JFK,DFW,United,9984,00:30:00,2025-06-26,International
JFK,LAS,United,1791,00:45:00,2025-06-27,International
JFK,DEN,JetBlue,6390,01:00:00,2025-06-28,Domestic
JFK,ATL,JetBlue,7635,01:15:00,2025-06-29,Domestic
JFK,LAX,American,3255,01:30:00,2025-06-30,Domestic
JFK,ATL,United,4610,01:45:00,2025-07-01,Domestic
JFK,MIA,United,2607,02:00:00,2025-07-02,Domestic
JFK,ORD,Southwest,6179,02:15:00,2025-07-03,Domestic
JFK,LAX,JetBlue,7573,02:30:00,2025-07-04,International
JFK,SEA,United,1984,02:45:00,2025-07-05,Domestic
JFK,DEN,American,6776,03:00:00,2025-07-06,Domestic
JFK,SEA,American,4676,03:15:00,2025-07-07,Domestic
JFK,DFW,United,4380,03:30:00,2025-07-08,Domestic
JFK,LAX,JetBlue,9711,03:45:00,2025-07-09,International
JFK,SEA,American,9782,04:00:00,2025-07-10,Domestic
JFK,SEA,Southwest,2050,04:15:00,2025-07-11,Domestic
JFK,LAS,American,4633,04:30:00,2025-07-12,Domestic
JFK,ATL,Delta,7342,04:45:00,2025-07-13,Domestic
